11050-PL02	/mnt/thanos_lv/pipelines/DLBCL_Montreal/PlasmaTwistCAPPSeq/BAMs/99-final/11050-PL02.consensus.mapped.annot.bam
12045-PL02	/mnt/thanos_lv/pipelines/DLBCL_Montreal/PlasmaTwistCAPPSeq/BAMs/99-final/12045-PL02.consensus.mapped.annot.bam
12069-02	/mnt/thanos_lv/pipelines/DLBCL_Montreal/PlasmaTwistCAPPSeq/BAMs/99-final/12069-02.consensus.mapped.annot.bam
12147-PL02	/mnt/thanos_lv/pipelines/DLBCL_Montreal/PlasmaTwistCAPPSeq/BAMs/99-final/12147-PL02.consensus.mapped.annot.bam
12265-PL01	/mnt/thanos_lv/pipelines/DLBCL_Montreal/PlasmaTwistCAPPSeq/BAMs/99-final/12265-PL01.consensus.mapped.annot.bam
12286-PL01	/mnt/thanos_lv/pipelines/DLBCL_Montreal/PlasmaTwistCAPPSeq/BAMs/99-final/12286-PL01.consensus.mapped.annot.bam
12542-PL02	/mnt/thanos_lv/pipelines/DLBCL_Montreal/PlasmaTwistCAPPSeq/BAMs/99-final/12542-PL02.consensus.mapped.annot.bam
12544-PL02	/mnt/thanos_lv/pipelines/DLBCL_Montreal/PlasmaTwistCAPPSeq/BAMs/99-final/12544-PL02.consensus.mapped.annot.bam
12564-PL01	/mnt/thanos_lv/pipelines/DLBCL_Montreal/PlasmaTwistCAPPSeq/BAMs/99-final/12564-PL01.consensus.mapped.annot.bam
12568-PL01	/mnt/thanos_lv/pipelines/DLBCL_Montreal/PlasmaTwistCAPPSeq/BAMs/99-final/12568-PL01.consensus.mapped.annot.bam
12598-PL01	/mnt/thanos_lv/pipelines/DLBCL_Montreal/PlasmaTwistCAPPSeq/BAMs/99-final/12598-PL01.consensus.mapped.annot.bam
12617-PL02	/mnt/thanos_lv/pipelines/DLBCL_Montreal/PlasmaTwistCAPPSeq/BAMs/99-final/12617-PL02.consensus.mapped.annot.bam
12625-PL01	/mnt/thanos_lv/pipelines/DLBCL_Montreal/PlasmaTwistCAPPSeq/BAMs/99-final/12625-PL01.consensus.mapped.annot.bam
12663-PL02	/mnt/thanos_lv/pipelines/DLBCL_Montreal/PlasmaTwistCAPPSeq/BAMs/99-final/12663-PL02.consensus.mapped.annot.bam
12669-PL01	/mnt/thanos_lv/pipelines/DLBCL_Montreal/PlasmaTwistCAPPSeq/BAMs/99-final/12669-PL01.consensus.mapped.annot.bam
12688-PL01	/mnt/thanos_lv/pipelines/DLBCL_Montreal/PlasmaTwistCAPPSeq/BAMs/99-final/12688-PL01.consensus.mapped.annot.bam
12705-PL01	/mnt/thanos_lv/pipelines/DLBCL_Montreal/PlasmaTwistCAPPSeq/BAMs/99-final/12705-PL01.consensus.mapped.annot.bam
12733-PL02	/mnt/thanos_lv/pipelines/DLBCL_Montreal/PlasmaTwistCAPPSeq/BAMs/99-final/12733-PL02.consensus.mapped.annot.bam
13113-PL01	/mnt/thanos_lv/pipelines/DLBCL_Montreal/PlasmaTwistCAPPSeq/BAMs/99-final/13113-PL01.consensus.mapped.annot.bam
13169-PL02	/mnt/thanos_lv/pipelines/DLBCL_Montreal/PlasmaTwistCAPPSeq/BAMs/99-final/13169-PL02.consensus.mapped.annot.bam
13170-PL01	/mnt/thanos_lv/pipelines/DLBCL_Montreal/PlasmaTwistCAPPSeq/BAMs/99-final/13170-PL01.consensus.mapped.annot.bam
13179-PL01	/mnt/thanos_lv/pipelines/DLBCL_Montreal/PlasmaTwistCAPPSeq/BAMs/99-final/13179-PL01.consensus.mapped.annot.bam
13264-PL01-PL02	/mnt/thanos_lv/pipelines/DLBCL_Montreal/PlasmaTwistCAPPSeq/BAMs/99-final/13264-PL01-PL02.consensus.mapped.annot.bam
13297-PL02	/mnt/thanos_lv/pipelines/DLBCL_Montreal/PlasmaTwistCAPPSeq/BAMs/99-final/13297-PL02.consensus.mapped.annot.bam
13312-PL01	/mnt/thanos_lv/pipelines/DLBCL_Montreal/PlasmaTwistCAPPSeq/BAMs/99-final/13312-PL01.consensus.mapped.annot.bam
13360-PL01	/mnt/thanos_lv/pipelines/DLBCL_Montreal/PlasmaTwistCAPPSeq/BAMs/99-final/13360-PL01.consensus.mapped.annot.bam
13389-PL01	/mnt/thanos_lv/pipelines/DLBCL_Montreal/PlasmaTwistCAPPSeq/BAMs/99-final/13389-PL01.consensus.mapped.annot.bam
13392-PL01-PL02	/mnt/thanos_lv/pipelines/DLBCL_Montreal/PlasmaTwistCAPPSeq/BAMs/99-final/13392-PL01-PL02.consensus.mapped.annot.bam
13493-PL02	/mnt/thanos_lv/pipelines/DLBCL_Montreal/PlasmaTwistCAPPSeq/BAMs/99-final/13493-PL02.consensus.mapped.annot.bam
13566-PL01-PL02	/mnt/thanos_lv/pipelines/DLBCL_Montreal/PlasmaTwistCAPPSeq/BAMs/99-final/13566-PL01-PL02.consensus.mapped.annot.bam
13602-PL02	/mnt/thanos_lv/pipelines/DLBCL_Montreal/PlasmaTwistCAPPSeq/BAMs/99-final/13602-PL02.consensus.mapped.annot.bam
13666-PL02	/mnt/thanos_lv/pipelines/DLBCL_Montreal/PlasmaTwistCAPPSeq/BAMs/99-final/13666-PL02.consensus.mapped.annot.bam
13704-PL01	/mnt/thanos_lv/pipelines/DLBCL_Montreal/PlasmaTwistCAPPSeq/BAMs/99-final/13704-PL01.consensus.mapped.annot.bam
13730-PL01-PL02	/mnt/thanos_lv/pipelines/DLBCL_Montreal/PlasmaTwistCAPPSeq/BAMs/99-final/13730-PL01-PL02.consensus.mapped.annot.bam
13845-PL02	/mnt/thanos_lv/pipelines/DLBCL_Montreal/PlasmaTwistCAPPSeq/BAMs/99-final/13845-PL02.consensus.mapped.annot.bam
13931-PL01-PL02	/mnt/thanos_lv/pipelines/DLBCL_Montreal/PlasmaTwistCAPPSeq/BAMs/99-final/13931-PL01-PL02.consensus.mapped.annot.bam
13957-PL01-PL02	/mnt/thanos_lv/pipelines/DLBCL_Montreal/PlasmaTwistCAPPSeq/BAMs/99-final/13957-PL01-PL02.consensus.mapped.annot.bam
13965-PL02	/mnt/thanos_lv/pipelines/DLBCL_Montreal/PlasmaTwistCAPPSeq/BAMs/99-final/13965-PL02.consensus.mapped.annot.bam
13968-PL01	/mnt/thanos_lv/pipelines/DLBCL_Montreal/PlasmaTwistCAPPSeq/BAMs/99-final/13968-PL01.consensus.mapped.annot.bam
13986-PL01-PL02	/mnt/thanos_lv/pipelines/DLBCL_Montreal/PlasmaTwistCAPPSeq/BAMs/99-final/13986-PL01-PL02.consensus.mapped.annot.bam
13A07-PL02	/mnt/thanos_lv/pipelines/DLBCL_Montreal/PlasmaTwistCAPPSeq/BAMs/99-final/13A07-PL02.consensus.mapped.annot.bam
13A17-PL01	/mnt/thanos_lv/pipelines/DLBCL_Montreal/PlasmaTwistCAPPSeq/BAMs/99-final/13A17-PL01.consensus.mapped.annot.bam
13A24-PL01	/mnt/thanos_lv/pipelines/DLBCL_Montreal/PlasmaTwistCAPPSeq/BAMs/99-final/13A24-PL01.consensus.mapped.annot.bam
13A27-PL01	/mnt/thanos_lv/pipelines/DLBCL_Montreal/PlasmaTwistCAPPSeq/BAMs/99-final/13A27-PL01.consensus.mapped.annot.bam
13B01-PL01-PL02	/mnt/thanos_lv/pipelines/DLBCL_Montreal/PlasmaTwistCAPPSeq/BAMs/99-final/13B01-PL01-PL02.consensus.mapped.annot.bam
13B56-PL01	/mnt/thanos_lv/pipelines/DLBCL_Montreal/PlasmaTwistCAPPSeq/BAMs/99-final/13B56-PL01.consensus.mapped.annot.bam
13B65-PL01	/mnt/thanos_lv/pipelines/DLBCL_Montreal/PlasmaTwistCAPPSeq/BAMs/99-final/13B65-PL01.consensus.mapped.annot.bam
13C20-PL02	/mnt/thanos_lv/pipelines/DLBCL_Montreal/PlasmaTwistCAPPSeq/BAMs/99-final/13C20-PL02.consensus.mapped.annot.bam
13C78-PL01-PL02	/mnt/thanos_lv/pipelines/DLBCL_Montreal/PlasmaTwistCAPPSeq/BAMs/99-final/13C78-PL01-PL02.consensus.mapped.annot.bam
13D06-PL01	/mnt/thanos_lv/pipelines/DLBCL_Montreal/PlasmaTwistCAPPSeq/BAMs/99-final/13D06-PL01.consensus.mapped.annot.bam
13D20-PL01	/mnt/thanos_lv/pipelines/DLBCL_Montreal/PlasmaTwistCAPPSeq/BAMs/99-final/13D20-PL01.consensus.mapped.annot.bam
13D48-PL01-PL02	/mnt/thanos_lv/pipelines/DLBCL_Montreal/PlasmaTwistCAPPSeq/BAMs/99-final/13D48-PL01-PL02.consensus.mapped.annot.bam
13D70-PL01-PL02	/mnt/thanos_lv/pipelines/DLBCL_Montreal/PlasmaTwistCAPPSeq/BAMs/99-final/13D70-PL01-PL02.consensus.mapped.annot.bam
13D78-PL02	/mnt/thanos_lv/pipelines/DLBCL_Montreal/PlasmaTwistCAPPSeq/BAMs/99-final/13D78-PL02.consensus.mapped.annot.bam
13D79-PL01-PL02	/mnt/thanos_lv/pipelines/DLBCL_Montreal/PlasmaTwistCAPPSeq/BAMs/99-final/13D79-PL01-PL02.consensus.mapped.annot.bam
13E62-PL01	/mnt/thanos_lv/pipelines/DLBCL_Montreal/PlasmaTwistCAPPSeq/BAMs/99-final/13E62-PL01.consensus.mapped.annot.bam
13E63-PL01-PL02	/mnt/thanos_lv/pipelines/DLBCL_Montreal/PlasmaTwistCAPPSeq/BAMs/99-final/13E63-PL01-PL02.consensus.mapped.annot.bam
13E83-PL01	/mnt/thanos_lv/pipelines/DLBCL_Montreal/PlasmaTwistCAPPSeq/BAMs/99-final/13E83-PL01.consensus.mapped.annot.bam
13F17-PL01-PL02	/mnt/thanos_lv/pipelines/DLBCL_Montreal/PlasmaTwistCAPPSeq/BAMs/99-final/13F17-PL01-PL02.consensus.mapped.annot.bam
13F84-PL01-PL02	/mnt/thanos_lv/pipelines/DLBCL_Montreal/PlasmaTwistCAPPSeq/BAMs/99-final/13F84-PL01-PL02.consensus.mapped.annot.bam
13F85-PL02	/mnt/thanos_lv/pipelines/DLBCL_Montreal/PlasmaTwistCAPPSeq/BAMs/99-final/13F85-PL02.consensus.mapped.annot.bam
13G13-PL02	/mnt/thanos_lv/pipelines/DLBCL_Montreal/PlasmaTwistCAPPSeq/BAMs/99-final/13G13-PL02.consensus.mapped.annot.bam
13G41-PL02	/mnt/thanos_lv/pipelines/DLBCL_Montreal/PlasmaTwistCAPPSeq/BAMs/99-final/13G41-PL02.consensus.mapped.annot.bam
13H03-PL02	/mnt/thanos_lv/pipelines/DLBCL_Montreal/PlasmaTwistCAPPSeq/BAMs/99-final/13H03-PL02.consensus.mapped.annot.bam
13H40-PL01-PL02	/mnt/thanos_lv/pipelines/DLBCL_Montreal/PlasmaTwistCAPPSeq/BAMs/99-final/13H40-PL01-PL02.consensus.mapped.annot.bam
13H97-PL01-PL02	/mnt/thanos_lv/pipelines/DLBCL_Montreal/PlasmaTwistCAPPSeq/BAMs/99-final/13H97-PL01-PL02.consensus.mapped.annot.bam
13I04-PL01-PL02	/mnt/thanos_lv/pipelines/DLBCL_Montreal/PlasmaTwistCAPPSeq/BAMs/99-final/13I04-PL01-PL02.consensus.mapped.annot.bam
13I19-PL01-PL02	/mnt/thanos_lv/pipelines/DLBCL_Montreal/PlasmaTwistCAPPSeq/BAMs/99-final/13I19-PL01-PL02.consensus.mapped.annot.bam
13I49-PL01-PL02	/mnt/thanos_lv/pipelines/DLBCL_Montreal/PlasmaTwistCAPPSeq/BAMs/99-final/13I49-PL01-PL02.consensus.mapped.annot.bam
13J76-PL02	/mnt/thanos_lv/pipelines/DLBCL_Montreal/PlasmaTwistCAPPSeq/BAMs/99-final/13J76-PL02.consensus.mapped.annot.bam
13K29-PL01-PL02	/mnt/thanos_lv/pipelines/DLBCL_Montreal/PlasmaTwistCAPPSeq/BAMs/99-final/13K29-PL01-PL02.consensus.mapped.annot.bam
13K43-PL02	/mnt/thanos_lv/pipelines/DLBCL_Montreal/PlasmaTwistCAPPSeq/BAMs/99-final/13K43-PL02.consensus.mapped.annot.bam
13K68-PL01	/mnt/thanos_lv/pipelines/DLBCL_Montreal/PlasmaTwistCAPPSeq/BAMs/99-final/13K68-PL01.consensus.mapped.annot.bam
13L06-PL02	/mnt/thanos_lv/pipelines/DLBCL_Montreal/PlasmaTwistCAPPSeq/BAMs/99-final/13L06-PL02.consensus.mapped.annot.bam
13L14-PL02	/mnt/thanos_lv/pipelines/DLBCL_Montreal/PlasmaTwistCAPPSeq/BAMs/99-final/13L14-PL02.consensus.mapped.annot.bam
13L40-PL01	/mnt/thanos_lv/pipelines/DLBCL_Montreal/PlasmaTwistCAPPSeq/BAMs/99-final/13L40-PL01.consensus.mapped.annot.bam
13N60-PL01-PL02	/mnt/thanos_lv/pipelines/DLBCL_Montreal/PlasmaTwistCAPPSeq/BAMs/99-final/13N60-PL01-PL02.consensus.mapped.annot.bam
140067-PL01	/mnt/thanos_lv/pipelines/DLBCL_Montreal/PlasmaTwistCAPPSeq/BAMs/99-final/140067-PL01.consensus.mapped.annot.bam
140236-PL01	/mnt/thanos_lv/pipelines/DLBCL_Montreal/PlasmaTwistCAPPSeq/BAMs/99-final/140236-PL01.consensus.mapped.annot.bam
140263-PL02	/mnt/thanos_lv/pipelines/DLBCL_Montreal/PlasmaTwistCAPPSeq/BAMs/99-final/140263-PL02.consensus.mapped.annot.bam
140492-PL01	/mnt/thanos_lv/pipelines/DLBCL_Montreal/PlasmaTwistCAPPSeq/BAMs/99-final/140492-PL01.consensus.mapped.annot.bam
140502-PL02	/mnt/thanos_lv/pipelines/DLBCL_Montreal/PlasmaTwistCAPPSeq/BAMs/99-final/140502-PL02.consensus.mapped.annot.bam
140504-PL01	/mnt/thanos_lv/pipelines/DLBCL_Montreal/PlasmaTwistCAPPSeq/BAMs/99-final/140504-PL01.consensus.mapped.annot.bam
140542-PL01-PL02	/mnt/thanos_lv/pipelines/DLBCL_Montreal/PlasmaTwistCAPPSeq/BAMs/99-final/140542-PL01-PL02.consensus.mapped.annot.bam
140644-PL01-PL02	/mnt/thanos_lv/pipelines/DLBCL_Montreal/PlasmaTwistCAPPSeq/BAMs/99-final/140644-PL01-PL02.consensus.mapped.annot.bam
140810-PL02	/mnt/thanos_lv/pipelines/DLBCL_Montreal/PlasmaTwistCAPPSeq/BAMs/99-final/140810-PL02.consensus.mapped.annot.bam
140861-PL02	/mnt/thanos_lv/pipelines/DLBCL_Montreal/PlasmaTwistCAPPSeq/BAMs/99-final/140861-PL02.consensus.mapped.annot.bam
140870-PL01	/mnt/thanos_lv/pipelines/DLBCL_Montreal/PlasmaTwistCAPPSeq/BAMs/99-final/140870-PL01.consensus.mapped.annot.bam
140897-PL01	/mnt/thanos_lv/pipelines/DLBCL_Montreal/PlasmaTwistCAPPSeq/BAMs/99-final/140897-PL01.consensus.mapped.annot.bam
140982-PL02	/mnt/thanos_lv/pipelines/DLBCL_Montreal/PlasmaTwistCAPPSeq/BAMs/99-final/140982-PL02.consensus.mapped.annot.bam
141058-PL02	/mnt/thanos_lv/pipelines/DLBCL_Montreal/PlasmaTwistCAPPSeq/BAMs/99-final/141058-PL02.consensus.mapped.annot.bam
141090-PL01-PL02	/mnt/thanos_lv/pipelines/DLBCL_Montreal/PlasmaTwistCAPPSeq/BAMs/99-final/141090-PL01-PL02.consensus.mapped.annot.bam
141104-PL02	/mnt/thanos_lv/pipelines/DLBCL_Montreal/PlasmaTwistCAPPSeq/BAMs/99-final/141104-PL02.consensus.mapped.annot.bam
141189-PL02	/mnt/thanos_lv/pipelines/DLBCL_Montreal/PlasmaTwistCAPPSeq/BAMs/99-final/141189-PL02.consensus.mapped.annot.bam
141344-PL01-PL02	/mnt/thanos_lv/pipelines/DLBCL_Montreal/PlasmaTwistCAPPSeq/BAMs/99-final/141344-PL01-PL02.consensus.mapped.annot.bam
141351-PL02	/mnt/thanos_lv/pipelines/DLBCL_Montreal/PlasmaTwistCAPPSeq/BAMs/99-final/141351-PL02.consensus.mapped.annot.bam
141401-PL01	/mnt/thanos_lv/pipelines/DLBCL_Montreal/PlasmaTwistCAPPSeq/BAMs/99-final/141401-PL01.consensus.mapped.annot.bam
141555-PL01-PL02	/mnt/thanos_lv/pipelines/DLBCL_Montreal/PlasmaTwistCAPPSeq/BAMs/99-final/141555-PL01-PL02.consensus.mapped.annot.bam
141598-01	/mnt/thanos_lv/pipelines/DLBCL_Montreal/PlasmaTwistCAPPSeq/BAMs/99-final/141598-01.consensus.mapped.annot.bam
141665-PL01	/mnt/thanos_lv/pipelines/DLBCL_Montreal/PlasmaTwistCAPPSeq/BAMs/99-final/141665-PL01.consensus.mapped.annot.bam
141725-PL01	/mnt/thanos_lv/pipelines/DLBCL_Montreal/PlasmaTwistCAPPSeq/BAMs/99-final/141725-PL01.consensus.mapped.annot.bam
141781-PL01-PL02	/mnt/thanos_lv/pipelines/DLBCL_Montreal/PlasmaTwistCAPPSeq/BAMs/99-final/141781-PL01-PL02.consensus.mapped.annot.bam
141852-PL02	/mnt/thanos_lv/pipelines/DLBCL_Montreal/PlasmaTwistCAPPSeq/BAMs/99-final/141852-PL02.consensus.mapped.annot.bam
141879-PL01	/mnt/thanos_lv/pipelines/DLBCL_Montreal/PlasmaTwistCAPPSeq/BAMs/99-final/141879-PL01.consensus.mapped.annot.bam
142081-PL01-PL02	/mnt/thanos_lv/pipelines/DLBCL_Montreal/PlasmaTwistCAPPSeq/BAMs/99-final/142081-PL01-PL02.consensus.mapped.annot.bam
142087-PL01	/mnt/thanos_lv/pipelines/DLBCL_Montreal/PlasmaTwistCAPPSeq/BAMs/99-final/142087-PL01.consensus.mapped.annot.bam
142177-PL01	/mnt/thanos_lv/pipelines/DLBCL_Montreal/PlasmaTwistCAPPSeq/BAMs/99-final/142177-PL01.consensus.mapped.annot.bam
142212-PL01-PL02	/mnt/thanos_lv/pipelines/DLBCL_Montreal/PlasmaTwistCAPPSeq/BAMs/99-final/142212-PL01-PL02.consensus.mapped.annot.bam
142229-PL01-PL02	/mnt/thanos_lv/pipelines/DLBCL_Montreal/PlasmaTwistCAPPSeq/BAMs/99-final/142229-PL01-PL02.consensus.mapped.annot.bam
142340-PL01	/mnt/thanos_lv/pipelines/DLBCL_Montreal/PlasmaTwistCAPPSeq/BAMs/99-final/142340-PL01.consensus.mapped.annot.bam
142623-PL01	/mnt/thanos_lv/pipelines/DLBCL_Montreal/PlasmaTwistCAPPSeq/BAMs/99-final/142623-PL01.consensus.mapped.annot.bam
142631-PL01-PL02	/mnt/thanos_lv/pipelines/DLBCL_Montreal/PlasmaTwistCAPPSeq/BAMs/99-final/142631-PL01-PL02.consensus.mapped.annot.bam
142635-PL02	/mnt/thanos_lv/pipelines/DLBCL_Montreal/PlasmaTwistCAPPSeq/BAMs/99-final/142635-PL02.consensus.mapped.annot.bam
142648-01	/mnt/thanos_lv/pipelines/DLBCL_Montreal/PlasmaTwistCAPPSeq/BAMs/99-final/142648-01.consensus.mapped.annot.bam
142648-01-NextSeq	/mnt/thanos_lv/pipelines/DLBCL_Montreal/PlasmaTwistCAPPSeq/BAMs/99-final/142648-01-NextSeq.consensus.mapped.annot.bam
142774-PL01-PL02	/mnt/thanos_lv/pipelines/DLBCL_Montreal/PlasmaTwistCAPPSeq/BAMs/99-final/142774-PL01-PL02.consensus.mapped.annot.bam
150021-PL01-PL02	/mnt/thanos_lv/pipelines/DLBCL_Montreal/PlasmaTwistCAPPSeq/BAMs/99-final/150021-PL01-PL02.consensus.mapped.annot.bam
150028-PL01	/mnt/thanos_lv/pipelines/DLBCL_Montreal/PlasmaTwistCAPPSeq/BAMs/99-final/150028-PL01.consensus.mapped.annot.bam
150033-PL02	/mnt/thanos_lv/pipelines/DLBCL_Montreal/PlasmaTwistCAPPSeq/BAMs/99-final/150033-PL02.consensus.mapped.annot.bam
150048-PL01-PL02	/mnt/thanos_lv/pipelines/DLBCL_Montreal/PlasmaTwistCAPPSeq/BAMs/99-final/150048-PL01-PL02.consensus.mapped.annot.bam
150050-PL01-PL02	/mnt/thanos_lv/pipelines/DLBCL_Montreal/PlasmaTwistCAPPSeq/BAMs/99-final/150050-PL01-PL02.consensus.mapped.annot.bam
150067-PL01-PL02	/mnt/thanos_lv/pipelines/DLBCL_Montreal/PlasmaTwistCAPPSeq/BAMs/99-final/150067-PL01-PL02.consensus.mapped.annot.bam
150122-PL01-PL02	/mnt/thanos_lv/pipelines/DLBCL_Montreal/PlasmaTwistCAPPSeq/BAMs/99-final/150122-PL01-PL02.consensus.mapped.annot.bam
150129-PL02	/mnt/thanos_lv/pipelines/DLBCL_Montreal/PlasmaTwistCAPPSeq/BAMs/99-final/150129-PL02.consensus.mapped.annot.bam
150320-PL01-PL02	/mnt/thanos_lv/pipelines/DLBCL_Montreal/PlasmaTwistCAPPSeq/BAMs/99-final/150320-PL01-PL02.consensus.mapped.annot.bam
150363-PL02	/mnt/thanos_lv/pipelines/DLBCL_Montreal/PlasmaTwistCAPPSeq/BAMs/99-final/150363-PL02.consensus.mapped.annot.bam
150366-PL01	/mnt/thanos_lv/pipelines/DLBCL_Montreal/PlasmaTwistCAPPSeq/BAMs/99-final/150366-PL01.consensus.mapped.annot.bam
150407-PL01	/mnt/thanos_lv/pipelines/DLBCL_Montreal/PlasmaTwistCAPPSeq/BAMs/99-final/150407-PL01.consensus.mapped.annot.bam
150426-PL02	/mnt/thanos_lv/pipelines/DLBCL_Montreal/PlasmaTwistCAPPSeq/BAMs/99-final/150426-PL02.consensus.mapped.annot.bam
150519-PL01-PL02	/mnt/thanos_lv/pipelines/DLBCL_Montreal/PlasmaTwistCAPPSeq/BAMs/99-final/150519-PL01-PL02.consensus.mapped.annot.bam
150538-PL01	/mnt/thanos_lv/pipelines/DLBCL_Montreal/PlasmaTwistCAPPSeq/BAMs/99-final/150538-PL01.consensus.mapped.annot.bam
150566-PL01	/mnt/thanos_lv/pipelines/DLBCL_Montreal/PlasmaTwistCAPPSeq/BAMs/99-final/150566-PL01.consensus.mapped.annot.bam
150591-PL01	/mnt/thanos_lv/pipelines/DLBCL_Montreal/PlasmaTwistCAPPSeq/BAMs/99-final/150591-PL01.consensus.mapped.annot.bam
150628-01	/mnt/thanos_lv/pipelines/DLBCL_Montreal/PlasmaTwistCAPPSeq/BAMs/99-final/150628-01.consensus.mapped.annot.bam
150628-01-NextSeq	/mnt/thanos_lv/pipelines/DLBCL_Montreal/PlasmaTwistCAPPSeq/BAMs/99-final/150628-01-NextSeq.consensus.mapped.annot.bam
150726-PL02	/mnt/thanos_lv/pipelines/DLBCL_Montreal/PlasmaTwistCAPPSeq/BAMs/99-final/150726-PL02.consensus.mapped.annot.bam
150773-01	/mnt/thanos_lv/pipelines/DLBCL_Montreal/PlasmaTwistCAPPSeq/BAMs/99-final/150773-01.consensus.mapped.annot.bam
150775-PL01-PL02	/mnt/thanos_lv/pipelines/DLBCL_Montreal/PlasmaTwistCAPPSeq/BAMs/99-final/150775-PL01-PL02.consensus.mapped.annot.bam
150776-01	/mnt/thanos_lv/pipelines/DLBCL_Montreal/PlasmaTwistCAPPSeq/BAMs/99-final/150776-01.consensus.mapped.annot.bam
150822-01	/mnt/thanos_lv/pipelines/DLBCL_Montreal/PlasmaTwistCAPPSeq/BAMs/99-final/150822-01.consensus.mapped.annot.bam
150847-PL01-PL02	/mnt/thanos_lv/pipelines/DLBCL_Montreal/PlasmaTwistCAPPSeq/BAMs/99-final/150847-PL01-PL02.consensus.mapped.annot.bam
150852-PL01-PL02	/mnt/thanos_lv/pipelines/DLBCL_Montreal/PlasmaTwistCAPPSeq/BAMs/99-final/150852-PL01-PL02.consensus.mapped.annot.bam
150917-PL01	/mnt/thanos_lv/pipelines/DLBCL_Montreal/PlasmaTwistCAPPSeq/BAMs/99-final/150917-PL01.consensus.mapped.annot.bam
150943-01	/mnt/thanos_lv/pipelines/DLBCL_Montreal/PlasmaTwistCAPPSeq/BAMs/99-final/150943-01.consensus.mapped.annot.bam
151051-PL01-PL02	/mnt/thanos_lv/pipelines/DLBCL_Montreal/PlasmaTwistCAPPSeq/BAMs/99-final/151051-PL01-PL02.consensus.mapped.annot.bam
151118-02	/mnt/thanos_lv/pipelines/DLBCL_Montreal/PlasmaTwistCAPPSeq/BAMs/99-final/151118-02.consensus.mapped.annot.bam
151121-PL01-PL02	/mnt/thanos_lv/pipelines/DLBCL_Montreal/PlasmaTwistCAPPSeq/BAMs/99-final/151121-PL01-PL02.consensus.mapped.annot.bam
151139-PL01-PL02	/mnt/thanos_lv/pipelines/DLBCL_Montreal/PlasmaTwistCAPPSeq/BAMs/99-final/151139-PL01-PL02.consensus.mapped.annot.bam
151160-02	/mnt/thanos_lv/pipelines/DLBCL_Montreal/PlasmaTwistCAPPSeq/BAMs/99-final/151160-02.consensus.mapped.annot.bam
151202-PL01	/mnt/thanos_lv/pipelines/DLBCL_Montreal/PlasmaTwistCAPPSeq/BAMs/99-final/151202-PL01.consensus.mapped.annot.bam
151212-PL01-PL02	/mnt/thanos_lv/pipelines/DLBCL_Montreal/PlasmaTwistCAPPSeq/BAMs/99-final/151212-PL01-PL02.consensus.mapped.annot.bam
151384-PL01	/mnt/thanos_lv/pipelines/DLBCL_Montreal/PlasmaTwistCAPPSeq/BAMs/99-final/151384-PL01.consensus.mapped.annot.bam
151390-PL01	/mnt/thanos_lv/pipelines/DLBCL_Montreal/PlasmaTwistCAPPSeq/BAMs/99-final/151390-PL01.consensus.mapped.annot.bam
151391-PL01-PL02	/mnt/thanos_lv/pipelines/DLBCL_Montreal/PlasmaTwistCAPPSeq/BAMs/99-final/151391-PL01-PL02.consensus.mapped.annot.bam
151394-PL01-PL02	/mnt/thanos_lv/pipelines/DLBCL_Montreal/PlasmaTwistCAPPSeq/BAMs/99-final/151394-PL01-PL02.consensus.mapped.annot.bam
151395-PL02	/mnt/thanos_lv/pipelines/DLBCL_Montreal/PlasmaTwistCAPPSeq/BAMs/99-final/151395-PL02.consensus.mapped.annot.bam
160018-PL01	/mnt/thanos_lv/pipelines/DLBCL_Montreal/PlasmaTwistCAPPSeq/BAMs/99-final/160018-PL01.consensus.mapped.annot.bam
160189-PL01-PL02	/mnt/thanos_lv/pipelines/DLBCL_Montreal/PlasmaTwistCAPPSeq/BAMs/99-final/160189-PL01-PL02.consensus.mapped.annot.bam
160210-PL02	/mnt/thanos_lv/pipelines/DLBCL_Montreal/PlasmaTwistCAPPSeq/BAMs/99-final/160210-PL02.consensus.mapped.annot.bam
160257-PL01	/mnt/thanos_lv/pipelines/DLBCL_Montreal/PlasmaTwistCAPPSeq/BAMs/99-final/160257-PL01.consensus.mapped.annot.bam
160312-01	/mnt/thanos_lv/pipelines/DLBCL_Montreal/PlasmaTwistCAPPSeq/BAMs/99-final/160312-01.consensus.mapped.annot.bam
160312-02	/mnt/thanos_lv/pipelines/DLBCL_Montreal/PlasmaTwistCAPPSeq/BAMs/99-final/160312-02.consensus.mapped.annot.bam
160312-02-NextSeq	/mnt/thanos_lv/pipelines/DLBCL_Montreal/PlasmaTwistCAPPSeq/BAMs/99-final/160312-02-NextSeq.consensus.mapped.annot.bam
160327-PL01-PL02	/mnt/thanos_lv/pipelines/DLBCL_Montreal/PlasmaTwistCAPPSeq/BAMs/99-final/160327-PL01-PL02.consensus.mapped.annot.bam
160366-PL01-PL02	/mnt/thanos_lv/pipelines/DLBCL_Montreal/PlasmaTwistCAPPSeq/BAMs/99-final/160366-PL01-PL02.consensus.mapped.annot.bam
160384-01	/mnt/thanos_lv/pipelines/DLBCL_Montreal/PlasmaTwistCAPPSeq/BAMs/99-final/160384-01.consensus.mapped.annot.bam
160384-01-NextSeq	/mnt/thanos_lv/pipelines/DLBCL_Montreal/PlasmaTwistCAPPSeq/BAMs/99-final/160384-01-NextSeq.consensus.mapped.annot.bam
160438-PL01	/mnt/thanos_lv/pipelines/DLBCL_Montreal/PlasmaTwistCAPPSeq/BAMs/99-final/160438-PL01.consensus.mapped.annot.bam
160447-PL02	/mnt/thanos_lv/pipelines/DLBCL_Montreal/PlasmaTwistCAPPSeq/BAMs/99-final/160447-PL02.consensus.mapped.annot.bam
160461-PL01	/mnt/thanos_lv/pipelines/DLBCL_Montreal/PlasmaTwistCAPPSeq/BAMs/99-final/160461-PL01.consensus.mapped.annot.bam
160495-PL01	/mnt/thanos_lv/pipelines/DLBCL_Montreal/PlasmaTwistCAPPSeq/BAMs/99-final/160495-PL01.consensus.mapped.annot.bam
160510-PL01	/mnt/thanos_lv/pipelines/DLBCL_Montreal/PlasmaTwistCAPPSeq/BAMs/99-final/160510-PL01.consensus.mapped.annot.bam
160520-PL01	/mnt/thanos_lv/pipelines/DLBCL_Montreal/PlasmaTwistCAPPSeq/BAMs/99-final/160520-PL01.consensus.mapped.annot.bam
160577-PL02	/mnt/thanos_lv/pipelines/DLBCL_Montreal/PlasmaTwistCAPPSeq/BAMs/99-final/160577-PL02.consensus.mapped.annot.bam
160651-PL01-PL02	/mnt/thanos_lv/pipelines/DLBCL_Montreal/PlasmaTwistCAPPSeq/BAMs/99-final/160651-PL01-PL02.consensus.mapped.annot.bam
160662-PL01-PL02	/mnt/thanos_lv/pipelines/DLBCL_Montreal/PlasmaTwistCAPPSeq/BAMs/99-final/160662-PL01-PL02.consensus.mapped.annot.bam
160738-PL02	/mnt/thanos_lv/pipelines/DLBCL_Montreal/PlasmaTwistCAPPSeq/BAMs/99-final/160738-PL02.consensus.mapped.annot.bam
160749-PL01-PL02	/mnt/thanos_lv/pipelines/DLBCL_Montreal/PlasmaTwistCAPPSeq/BAMs/99-final/160749-PL01-PL02.consensus.mapped.annot.bam
160755-PL01	/mnt/thanos_lv/pipelines/DLBCL_Montreal/PlasmaTwistCAPPSeq/BAMs/99-final/160755-PL01.consensus.mapped.annot.bam
160772-PL01-PL02	/mnt/thanos_lv/pipelines/DLBCL_Montreal/PlasmaTwistCAPPSeq/BAMs/99-final/160772-PL01-PL02.consensus.mapped.annot.bam
160913-PL01-PL02	/mnt/thanos_lv/pipelines/DLBCL_Montreal/PlasmaTwistCAPPSeq/BAMs/99-final/160913-PL01-PL02.consensus.mapped.annot.bam
160926-PL01	/mnt/thanos_lv/pipelines/DLBCL_Montreal/PlasmaTwistCAPPSeq/BAMs/99-final/160926-PL01.consensus.mapped.annot.bam
160948-PL02	/mnt/thanos_lv/pipelines/DLBCL_Montreal/PlasmaTwistCAPPSeq/BAMs/99-final/160948-PL02.consensus.mapped.annot.bam
161025-PL01	/mnt/thanos_lv/pipelines/DLBCL_Montreal/PlasmaTwistCAPPSeq/BAMs/99-final/161025-PL01.consensus.mapped.annot.bam
161029-01	/mnt/thanos_lv/pipelines/DLBCL_Montreal/PlasmaTwistCAPPSeq/BAMs/99-final/161029-01.consensus.mapped.annot.bam
161085-PL01	/mnt/thanos_lv/pipelines/DLBCL_Montreal/PlasmaTwistCAPPSeq/BAMs/99-final/161085-PL01.consensus.mapped.annot.bam
161152-PL02	/mnt/thanos_lv/pipelines/DLBCL_Montreal/PlasmaTwistCAPPSeq/BAMs/99-final/161152-PL02.consensus.mapped.annot.bam
161160-01	/mnt/thanos_lv/pipelines/DLBCL_Montreal/PlasmaTwistCAPPSeq/BAMs/99-final/161160-01.consensus.mapped.annot.bam
161165-PL02	/mnt/thanos_lv/pipelines/DLBCL_Montreal/PlasmaTwistCAPPSeq/BAMs/99-final/161165-PL02.consensus.mapped.annot.bam
161196-PL01-PL02	/mnt/thanos_lv/pipelines/DLBCL_Montreal/PlasmaTwistCAPPSeq/BAMs/99-final/161196-PL01-PL02.consensus.mapped.annot.bam
161219-PL01	/mnt/thanos_lv/pipelines/DLBCL_Montreal/PlasmaTwistCAPPSeq/BAMs/99-final/161219-PL01.consensus.mapped.annot.bam
161247-PL01	/mnt/thanos_lv/pipelines/DLBCL_Montreal/PlasmaTwistCAPPSeq/BAMs/99-final/161247-PL01.consensus.mapped.annot.bam
161264-PL01	/mnt/thanos_lv/pipelines/DLBCL_Montreal/PlasmaTwistCAPPSeq/BAMs/99-final/161264-PL01.consensus.mapped.annot.bam
161323-PL02	/mnt/thanos_lv/pipelines/DLBCL_Montreal/PlasmaTwistCAPPSeq/BAMs/99-final/161323-PL02.consensus.mapped.annot.bam
161462-PL01	/mnt/thanos_lv/pipelines/DLBCL_Montreal/PlasmaTwistCAPPSeq/BAMs/99-final/161462-PL01.consensus.mapped.annot.bam
161499-PL01	/mnt/thanos_lv/pipelines/DLBCL_Montreal/PlasmaTwistCAPPSeq/BAMs/99-final/161499-PL01.consensus.mapped.annot.bam
161522-01	/mnt/thanos_lv/pipelines/DLBCL_Montreal/PlasmaTwistCAPPSeq/BAMs/99-final/161522-01.consensus.mapped.annot.bam
161522-01-NextSeq	/mnt/thanos_lv/pipelines/DLBCL_Montreal/PlasmaTwistCAPPSeq/BAMs/99-final/161522-01-NextSeq.consensus.mapped.annot.bam
161525-01	/mnt/thanos_lv/pipelines/DLBCL_Montreal/PlasmaTwistCAPPSeq/BAMs/99-final/161525-01.consensus.mapped.annot.bam
161585-PL01	/mnt/thanos_lv/pipelines/DLBCL_Montreal/PlasmaTwistCAPPSeq/BAMs/99-final/161585-PL01.consensus.mapped.annot.bam
161591-PL01	/mnt/thanos_lv/pipelines/DLBCL_Montreal/PlasmaTwistCAPPSeq/BAMs/99-final/161591-PL01.consensus.mapped.annot.bam
161602-PL02	/mnt/thanos_lv/pipelines/DLBCL_Montreal/PlasmaTwistCAPPSeq/BAMs/99-final/161602-PL02.consensus.mapped.annot.bam
161668-PL01-PL02	/mnt/thanos_lv/pipelines/DLBCL_Montreal/PlasmaTwistCAPPSeq/BAMs/99-final/161668-PL01-PL02.consensus.mapped.annot.bam
161675-01	/mnt/thanos_lv/pipelines/DLBCL_Montreal/PlasmaTwistCAPPSeq/BAMs/99-final/161675-01.consensus.mapped.annot.bam
161927-01	/mnt/thanos_lv/pipelines/DLBCL_Montreal/PlasmaTwistCAPPSeq/BAMs/99-final/161927-01.consensus.mapped.annot.bam
161955-01	/mnt/thanos_lv/pipelines/DLBCL_Montreal/PlasmaTwistCAPPSeq/BAMs/99-final/161955-01.consensus.mapped.annot.bam
162042-PL02	/mnt/thanos_lv/pipelines/DLBCL_Montreal/PlasmaTwistCAPPSeq/BAMs/99-final/162042-PL02.consensus.mapped.annot.bam
162046-01	/mnt/thanos_lv/pipelines/DLBCL_Montreal/PlasmaTwistCAPPSeq/BAMs/99-final/162046-01.consensus.mapped.annot.bam
162147-PL01	/mnt/thanos_lv/pipelines/DLBCL_Montreal/PlasmaTwistCAPPSeq/BAMs/99-final/162147-PL01.consensus.mapped.annot.bam
162202-PL02	/mnt/thanos_lv/pipelines/DLBCL_Montreal/PlasmaTwistCAPPSeq/BAMs/99-final/162202-PL02.consensus.mapped.annot.bam
162284-PL01	/mnt/thanos_lv/pipelines/DLBCL_Montreal/PlasmaTwistCAPPSeq/BAMs/99-final/162284-PL01.consensus.mapped.annot.bam
162289-PL02	/mnt/thanos_lv/pipelines/DLBCL_Montreal/PlasmaTwistCAPPSeq/BAMs/99-final/162289-PL02.consensus.mapped.annot.bam
162313-PL01	/mnt/thanos_lv/pipelines/DLBCL_Montreal/PlasmaTwistCAPPSeq/BAMs/99-final/162313-PL01.consensus.mapped.annot.bam
162320-PL01-PL02	/mnt/thanos_lv/pipelines/DLBCL_Montreal/PlasmaTwistCAPPSeq/BAMs/99-final/162320-PL01-PL02.consensus.mapped.annot.bam
162348-PL01-PL02	/mnt/thanos_lv/pipelines/DLBCL_Montreal/PlasmaTwistCAPPSeq/BAMs/99-final/162348-PL01-PL02.consensus.mapped.annot.bam
162355-01	/mnt/thanos_lv/pipelines/DLBCL_Montreal/PlasmaTwistCAPPSeq/BAMs/99-final/162355-01.consensus.mapped.annot.bam
162413-PL02	/mnt/thanos_lv/pipelines/DLBCL_Montreal/PlasmaTwistCAPPSeq/BAMs/99-final/162413-PL02.consensus.mapped.annot.bam
162505-PL01-PL02	/mnt/thanos_lv/pipelines/DLBCL_Montreal/PlasmaTwistCAPPSeq/BAMs/99-final/162505-PL01-PL02.consensus.mapped.annot.bam
162523-PL02	/mnt/thanos_lv/pipelines/DLBCL_Montreal/PlasmaTwistCAPPSeq/BAMs/99-final/162523-PL02.consensus.mapped.annot.bam
170019-PL01	/mnt/thanos_lv/pipelines/DLBCL_Montreal/PlasmaTwistCAPPSeq/BAMs/99-final/170019-PL01.consensus.mapped.annot.bam
170056-PL01-PL02	/mnt/thanos_lv/pipelines/DLBCL_Montreal/PlasmaTwistCAPPSeq/BAMs/99-final/170056-PL01-PL02.consensus.mapped.annot.bam
170057-PL02	/mnt/thanos_lv/pipelines/DLBCL_Montreal/PlasmaTwistCAPPSeq/BAMs/99-final/170057-PL02.consensus.mapped.annot.bam
170072-PL01	/mnt/thanos_lv/pipelines/DLBCL_Montreal/PlasmaTwistCAPPSeq/BAMs/99-final/170072-PL01.consensus.mapped.annot.bam
170093-PL01	/mnt/thanos_lv/pipelines/DLBCL_Montreal/PlasmaTwistCAPPSeq/BAMs/99-final/170093-PL01.consensus.mapped.annot.bam
170155-PL01	/mnt/thanos_lv/pipelines/DLBCL_Montreal/PlasmaTwistCAPPSeq/BAMs/99-final/170155-PL01.consensus.mapped.annot.bam
170191-PL02	/mnt/thanos_lv/pipelines/DLBCL_Montreal/PlasmaTwistCAPPSeq/BAMs/99-final/170191-PL02.consensus.mapped.annot.bam
170215-PL01-PL02	/mnt/thanos_lv/pipelines/DLBCL_Montreal/PlasmaTwistCAPPSeq/BAMs/99-final/170215-PL01-PL02.consensus.mapped.annot.bam
170233-PL01-PL02	/mnt/thanos_lv/pipelines/DLBCL_Montreal/PlasmaTwistCAPPSeq/BAMs/99-final/170233-PL01-PL02.consensus.mapped.annot.bam
170433-PL01	/mnt/thanos_lv/pipelines/DLBCL_Montreal/PlasmaTwistCAPPSeq/BAMs/99-final/170433-PL01.consensus.mapped.annot.bam
170459-01	/mnt/thanos_lv/pipelines/DLBCL_Montreal/PlasmaTwistCAPPSeq/BAMs/99-final/170459-01.consensus.mapped.annot.bam
170459-01-NextSeq	/mnt/thanos_lv/pipelines/DLBCL_Montreal/PlasmaTwistCAPPSeq/BAMs/99-final/170459-01-NextSeq.consensus.mapped.annot.bam
170459-02	/mnt/thanos_lv/pipelines/DLBCL_Montreal/PlasmaTwistCAPPSeq/BAMs/99-final/170459-02.consensus.mapped.annot.bam
170550-PL02	/mnt/thanos_lv/pipelines/DLBCL_Montreal/PlasmaTwistCAPPSeq/BAMs/99-final/170550-PL02.consensus.mapped.annot.bam
170574-PL02	/mnt/thanos_lv/pipelines/DLBCL_Montreal/PlasmaTwistCAPPSeq/BAMs/99-final/170574-PL02.consensus.mapped.annot.bam
170687-PL01-PL02	/mnt/thanos_lv/pipelines/DLBCL_Montreal/PlasmaTwistCAPPSeq/BAMs/99-final/170687-PL01-PL02.consensus.mapped.annot.bam
170701-PL01	/mnt/thanos_lv/pipelines/DLBCL_Montreal/PlasmaTwistCAPPSeq/BAMs/99-final/170701-PL01.consensus.mapped.annot.bam
170718-PL01	/mnt/thanos_lv/pipelines/DLBCL_Montreal/PlasmaTwistCAPPSeq/BAMs/99-final/170718-PL01.consensus.mapped.annot.bam
170810-PL02	/mnt/thanos_lv/pipelines/DLBCL_Montreal/PlasmaTwistCAPPSeq/BAMs/99-final/170810-PL02.consensus.mapped.annot.bam
170813-PL01	/mnt/thanos_lv/pipelines/DLBCL_Montreal/PlasmaTwistCAPPSeq/BAMs/99-final/170813-PL01.consensus.mapped.annot.bam
170868-PL01	/mnt/thanos_lv/pipelines/DLBCL_Montreal/PlasmaTwistCAPPSeq/BAMs/99-final/170868-PL01.consensus.mapped.annot.bam
170875-PL02	/mnt/thanos_lv/pipelines/DLBCL_Montreal/PlasmaTwistCAPPSeq/BAMs/99-final/170875-PL02.consensus.mapped.annot.bam
170901-PL01-PL02	/mnt/thanos_lv/pipelines/DLBCL_Montreal/PlasmaTwistCAPPSeq/BAMs/99-final/170901-PL01-PL02.consensus.mapped.annot.bam
170946-PL01-PL02	/mnt/thanos_lv/pipelines/DLBCL_Montreal/PlasmaTwistCAPPSeq/BAMs/99-final/170946-PL01-PL02.consensus.mapped.annot.bam
170997-PL01	/mnt/thanos_lv/pipelines/DLBCL_Montreal/PlasmaTwistCAPPSeq/BAMs/99-final/170997-PL01.consensus.mapped.annot.bam
171035-PL02	/mnt/thanos_lv/pipelines/DLBCL_Montreal/PlasmaTwistCAPPSeq/BAMs/99-final/171035-PL02.consensus.mapped.annot.bam
171044-PL01	/mnt/thanos_lv/pipelines/DLBCL_Montreal/PlasmaTwistCAPPSeq/BAMs/99-final/171044-PL01.consensus.mapped.annot.bam
171058-PL01	/mnt/thanos_lv/pipelines/DLBCL_Montreal/PlasmaTwistCAPPSeq/BAMs/99-final/171058-PL01.consensus.mapped.annot.bam
171068-PL02	/mnt/thanos_lv/pipelines/DLBCL_Montreal/PlasmaTwistCAPPSeq/BAMs/99-final/171068-PL02.consensus.mapped.annot.bam
171084-PL01	/mnt/thanos_lv/pipelines/DLBCL_Montreal/PlasmaTwistCAPPSeq/BAMs/99-final/171084-PL01.consensus.mapped.annot.bam
171152-PL02	/mnt/thanos_lv/pipelines/DLBCL_Montreal/PlasmaTwistCAPPSeq/BAMs/99-final/171152-PL02.consensus.mapped.annot.bam
171206-PL01	/mnt/thanos_lv/pipelines/DLBCL_Montreal/PlasmaTwistCAPPSeq/BAMs/99-final/171206-PL01.consensus.mapped.annot.bam
171228-PL01	/mnt/thanos_lv/pipelines/DLBCL_Montreal/PlasmaTwistCAPPSeq/BAMs/99-final/171228-PL01.consensus.mapped.annot.bam
171279-PL01	/mnt/thanos_lv/pipelines/DLBCL_Montreal/PlasmaTwistCAPPSeq/BAMs/99-final/171279-PL01.consensus.mapped.annot.bam
171280-PL01	/mnt/thanos_lv/pipelines/DLBCL_Montreal/PlasmaTwistCAPPSeq/BAMs/99-final/171280-PL01.consensus.mapped.annot.bam
171363-PL01	/mnt/thanos_lv/pipelines/DLBCL_Montreal/PlasmaTwistCAPPSeq/BAMs/99-final/171363-PL01.consensus.mapped.annot.bam
171376-PL01	/mnt/thanos_lv/pipelines/DLBCL_Montreal/PlasmaTwistCAPPSeq/BAMs/99-final/171376-PL01.consensus.mapped.annot.bam
171413-01	/mnt/thanos_lv/pipelines/DLBCL_Montreal/PlasmaTwistCAPPSeq/BAMs/99-final/171413-01.consensus.mapped.annot.bam
171477-PL01	/mnt/thanos_lv/pipelines/DLBCL_Montreal/PlasmaTwistCAPPSeq/BAMs/99-final/171477-PL01.consensus.mapped.annot.bam
171478-PL01-PL02	/mnt/thanos_lv/pipelines/DLBCL_Montreal/PlasmaTwistCAPPSeq/BAMs/99-final/171478-PL01-PL02.consensus.mapped.annot.bam
171481-PL01-PL02	/mnt/thanos_lv/pipelines/DLBCL_Montreal/PlasmaTwistCAPPSeq/BAMs/99-final/171481-PL01-PL02.consensus.mapped.annot.bam
171591-PL01	/mnt/thanos_lv/pipelines/DLBCL_Montreal/PlasmaTwistCAPPSeq/BAMs/99-final/171591-PL01.consensus.mapped.annot.bam
171645-PL01	/mnt/thanos_lv/pipelines/DLBCL_Montreal/PlasmaTwistCAPPSeq/BAMs/99-final/171645-PL01.consensus.mapped.annot.bam
180016-PL02	/mnt/thanos_lv/pipelines/DLBCL_Montreal/PlasmaTwistCAPPSeq/BAMs/99-final/180016-PL02.consensus.mapped.annot.bam
180034-01	/mnt/thanos_lv/pipelines/DLBCL_Montreal/PlasmaTwistCAPPSeq/BAMs/99-final/180034-01.consensus.mapped.annot.bam
180034-01-NextSeq	/mnt/thanos_lv/pipelines/DLBCL_Montreal/PlasmaTwistCAPPSeq/BAMs/99-final/180034-01-NextSeq.consensus.mapped.annot.bam
180039-PL01	/mnt/thanos_lv/pipelines/DLBCL_Montreal/PlasmaTwistCAPPSeq/BAMs/99-final/180039-PL01.consensus.mapped.annot.bam
180054-PL01	/mnt/thanos_lv/pipelines/DLBCL_Montreal/PlasmaTwistCAPPSeq/BAMs/99-final/180054-PL01.consensus.mapped.annot.bam
180117-PL01	/mnt/thanos_lv/pipelines/DLBCL_Montreal/PlasmaTwistCAPPSeq/BAMs/99-final/180117-PL01.consensus.mapped.annot.bam
180134-PL01	/mnt/thanos_lv/pipelines/DLBCL_Montreal/PlasmaTwistCAPPSeq/BAMs/99-final/180134-PL01.consensus.mapped.annot.bam
180174-PL01-PL02	/mnt/thanos_lv/pipelines/DLBCL_Montreal/PlasmaTwistCAPPSeq/BAMs/99-final/180174-PL01-PL02.consensus.mapped.annot.bam
180329-PL01-PL02	/mnt/thanos_lv/pipelines/DLBCL_Montreal/PlasmaTwistCAPPSeq/BAMs/99-final/180329-PL01-PL02.consensus.mapped.annot.bam
180358-PL02	/mnt/thanos_lv/pipelines/DLBCL_Montreal/PlasmaTwistCAPPSeq/BAMs/99-final/180358-PL02.consensus.mapped.annot.bam
180371-01	/mnt/thanos_lv/pipelines/DLBCL_Montreal/PlasmaTwistCAPPSeq/BAMs/99-final/180371-01.consensus.mapped.annot.bam
180446-PL01-PL02	/mnt/thanos_lv/pipelines/DLBCL_Montreal/PlasmaTwistCAPPSeq/BAMs/99-final/180446-PL01-PL02.consensus.mapped.annot.bam
180462-PL02	/mnt/thanos_lv/pipelines/DLBCL_Montreal/PlasmaTwistCAPPSeq/BAMs/99-final/180462-PL02.consensus.mapped.annot.bam
180485-PL01	/mnt/thanos_lv/pipelines/DLBCL_Montreal/PlasmaTwistCAPPSeq/BAMs/99-final/180485-PL01.consensus.mapped.annot.bam
180516-PL02	/mnt/thanos_lv/pipelines/DLBCL_Montreal/PlasmaTwistCAPPSeq/BAMs/99-final/180516-PL02.consensus.mapped.annot.bam
180523-PL02	/mnt/thanos_lv/pipelines/DLBCL_Montreal/PlasmaTwistCAPPSeq/BAMs/99-final/180523-PL02.consensus.mapped.annot.bam
180931-PL02	/mnt/thanos_lv/pipelines/DLBCL_Montreal/PlasmaTwistCAPPSeq/BAMs/99-final/180931-PL02.consensus.mapped.annot.bam
180949-01	/mnt/thanos_lv/pipelines/DLBCL_Montreal/PlasmaTwistCAPPSeq/BAMs/99-final/180949-01.consensus.mapped.annot.bam
180962-01	/mnt/thanos_lv/pipelines/DLBCL_Montreal/PlasmaTwistCAPPSeq/BAMs/99-final/180962-01.consensus.mapped.annot.bam
180962-01-NextSeq	/mnt/thanos_lv/pipelines/DLBCL_Montreal/PlasmaTwistCAPPSeq/BAMs/99-final/180962-01-NextSeq.consensus.mapped.annot.bam
181055-01	/mnt/thanos_lv/pipelines/DLBCL_Montreal/PlasmaTwistCAPPSeq/BAMs/99-final/181055-01.consensus.mapped.annot.bam
181070-PL01-PL02	/mnt/thanos_lv/pipelines/DLBCL_Montreal/PlasmaTwistCAPPSeq/BAMs/99-final/181070-PL01-PL02.consensus.mapped.annot.bam
181087-PL01	/mnt/thanos_lv/pipelines/DLBCL_Montreal/PlasmaTwistCAPPSeq/BAMs/99-final/181087-PL01.consensus.mapped.annot.bam
181093-PL01	/mnt/thanos_lv/pipelines/DLBCL_Montreal/PlasmaTwistCAPPSeq/BAMs/99-final/181093-PL01.consensus.mapped.annot.bam
181155-PL01	/mnt/thanos_lv/pipelines/DLBCL_Montreal/PlasmaTwistCAPPSeq/BAMs/99-final/181155-PL01.consensus.mapped.annot.bam
181193-PL01	/mnt/thanos_lv/pipelines/DLBCL_Montreal/PlasmaTwistCAPPSeq/BAMs/99-final/181193-PL01.consensus.mapped.annot.bam
181205-PL01	/mnt/thanos_lv/pipelines/DLBCL_Montreal/PlasmaTwistCAPPSeq/BAMs/99-final/181205-PL01.consensus.mapped.annot.bam
181365-PL02	/mnt/thanos_lv/pipelines/DLBCL_Montreal/PlasmaTwistCAPPSeq/BAMs/99-final/181365-PL02.consensus.mapped.annot.bam
181384-PL01	/mnt/thanos_lv/pipelines/DLBCL_Montreal/PlasmaTwistCAPPSeq/BAMs/99-final/181384-PL01.consensus.mapped.annot.bam
181409-PL01	/mnt/thanos_lv/pipelines/DLBCL_Montreal/PlasmaTwistCAPPSeq/BAMs/99-final/181409-PL01.consensus.mapped.annot.bam
181603-02	/mnt/thanos_lv/pipelines/DLBCL_Montreal/PlasmaTwistCAPPSeq/BAMs/99-final/181603-02.consensus.mapped.annot.bam
181733-PL01-PL02	/mnt/thanos_lv/pipelines/DLBCL_Montreal/PlasmaTwistCAPPSeq/BAMs/99-final/181733-PL01-PL02.consensus.mapped.annot.bam
190119-PL01-PL02	/mnt/thanos_lv/pipelines/DLBCL_Montreal/PlasmaTwistCAPPSeq/BAMs/99-final/190119-PL01-PL02.consensus.mapped.annot.bam
190165-PL02	/mnt/thanos_lv/pipelines/DLBCL_Montreal/PlasmaTwistCAPPSeq/BAMs/99-final/190165-PL02.consensus.mapped.annot.bam
190184-PL01-PL02	/mnt/thanos_lv/pipelines/DLBCL_Montreal/PlasmaTwistCAPPSeq/BAMs/99-final/190184-PL01-PL02.consensus.mapped.annot.bam
190222-PL01	/mnt/thanos_lv/pipelines/DLBCL_Montreal/PlasmaTwistCAPPSeq/BAMs/99-final/190222-PL01.consensus.mapped.annot.bam
190277-PL02	/mnt/thanos_lv/pipelines/DLBCL_Montreal/PlasmaTwistCAPPSeq/BAMs/99-final/190277-PL02.consensus.mapped.annot.bam
190285-PL01-PL02	/mnt/thanos_lv/pipelines/DLBCL_Montreal/PlasmaTwistCAPPSeq/BAMs/99-final/190285-PL01-PL02.consensus.mapped.annot.bam
190346-PL01	/mnt/thanos_lv/pipelines/DLBCL_Montreal/PlasmaTwistCAPPSeq/BAMs/99-final/190346-PL01.consensus.mapped.annot.bam
190430-PL02	/mnt/thanos_lv/pipelines/DLBCL_Montreal/PlasmaTwistCAPPSeq/BAMs/99-final/190430-PL02.consensus.mapped.annot.bam
190439-PL01-PL02	/mnt/thanos_lv/pipelines/DLBCL_Montreal/PlasmaTwistCAPPSeq/BAMs/99-final/190439-PL01-PL02.consensus.mapped.annot.bam
190441-PL02	/mnt/thanos_lv/pipelines/DLBCL_Montreal/PlasmaTwistCAPPSeq/BAMs/99-final/190441-PL02.consensus.mapped.annot.bam
190462-PL01	/mnt/thanos_lv/pipelines/DLBCL_Montreal/PlasmaTwistCAPPSeq/BAMs/99-final/190462-PL01.consensus.mapped.annot.bam
190494-PL01-PL02	/mnt/thanos_lv/pipelines/DLBCL_Montreal/PlasmaTwistCAPPSeq/BAMs/99-final/190494-PL01-PL02.consensus.mapped.annot.bam
190636-PL01	/mnt/thanos_lv/pipelines/DLBCL_Montreal/PlasmaTwistCAPPSeq/BAMs/99-final/190636-PL01.consensus.mapped.annot.bam
190692-PL02	/mnt/thanos_lv/pipelines/DLBCL_Montreal/PlasmaTwistCAPPSeq/BAMs/99-final/190692-PL02.consensus.mapped.annot.bam
190759-PL01	/mnt/thanos_lv/pipelines/DLBCL_Montreal/PlasmaTwistCAPPSeq/BAMs/99-final/190759-PL01.consensus.mapped.annot.bam
190763-PL02	/mnt/thanos_lv/pipelines/DLBCL_Montreal/PlasmaTwistCAPPSeq/BAMs/99-final/190763-PL02.consensus.mapped.annot.bam
190777-01	/mnt/thanos_lv/pipelines/DLBCL_Montreal/PlasmaTwistCAPPSeq/BAMs/99-final/190777-01.consensus.mapped.annot.bam
190780-PL01-PL02	/mnt/thanos_lv/pipelines/DLBCL_Montreal/PlasmaTwistCAPPSeq/BAMs/99-final/190780-PL01-PL02.consensus.mapped.annot.bam
190866-PL01-PL02	/mnt/thanos_lv/pipelines/DLBCL_Montreal/PlasmaTwistCAPPSeq/BAMs/99-final/190866-PL01-PL02.consensus.mapped.annot.bam
190979-02	/mnt/thanos_lv/pipelines/DLBCL_Montreal/PlasmaTwistCAPPSeq/BAMs/99-final/190979-02.consensus.mapped.annot.bam
191244-01	/mnt/thanos_lv/pipelines/DLBCL_Montreal/PlasmaTwistCAPPSeq/BAMs/99-final/191244-01.consensus.mapped.annot.bam
191346-PL02	/mnt/thanos_lv/pipelines/DLBCL_Montreal/PlasmaTwistCAPPSeq/BAMs/99-final/191346-PL02.consensus.mapped.annot.bam
191471-PL01-PL02	/mnt/thanos_lv/pipelines/DLBCL_Montreal/PlasmaTwistCAPPSeq/BAMs/99-final/191471-PL01-PL02.consensus.mapped.annot.bam
191499-PL01-PL02	/mnt/thanos_lv/pipelines/DLBCL_Montreal/PlasmaTwistCAPPSeq/BAMs/99-final/191499-PL01-PL02.consensus.mapped.annot.bam
191505-PL01-PL02	/mnt/thanos_lv/pipelines/DLBCL_Montreal/PlasmaTwistCAPPSeq/BAMs/99-final/191505-PL01-PL02.consensus.mapped.annot.bam
191583-PL01-PL02	/mnt/thanos_lv/pipelines/DLBCL_Montreal/PlasmaTwistCAPPSeq/BAMs/99-final/191583-PL01-PL02.consensus.mapped.annot.bam
191598-PL01	/mnt/thanos_lv/pipelines/DLBCL_Montreal/PlasmaTwistCAPPSeq/BAMs/99-final/191598-PL01.consensus.mapped.annot.bam
191632-PL02	/mnt/thanos_lv/pipelines/DLBCL_Montreal/PlasmaTwistCAPPSeq/BAMs/99-final/191632-PL02.consensus.mapped.annot.bam
191694-PL01-PL02	/mnt/thanos_lv/pipelines/DLBCL_Montreal/PlasmaTwistCAPPSeq/BAMs/99-final/191694-PL01-PL02.consensus.mapped.annot.bam
191715-PL01-PL02	/mnt/thanos_lv/pipelines/DLBCL_Montreal/PlasmaTwistCAPPSeq/BAMs/99-final/191715-PL01-PL02.consensus.mapped.annot.bam
191782-02	/mnt/thanos_lv/pipelines/DLBCL_Montreal/PlasmaTwistCAPPSeq/BAMs/99-final/191782-02.consensus.mapped.annot.bam
191879-PL02	/mnt/thanos_lv/pipelines/DLBCL_Montreal/PlasmaTwistCAPPSeq/BAMs/99-final/191879-PL02.consensus.mapped.annot.bam
191882-PL01	/mnt/thanos_lv/pipelines/DLBCL_Montreal/PlasmaTwistCAPPSeq/BAMs/99-final/191882-PL01.consensus.mapped.annot.bam
200003-PL02	/mnt/thanos_lv/pipelines/DLBCL_Montreal/PlasmaTwistCAPPSeq/BAMs/99-final/200003-PL02.consensus.mapped.annot.bam
200038-02	/mnt/thanos_lv/pipelines/DLBCL_Montreal/PlasmaTwistCAPPSeq/BAMs/99-final/200038-02.consensus.mapped.annot.bam
200075-PL01-PL02	/mnt/thanos_lv/pipelines/DLBCL_Montreal/PlasmaTwistCAPPSeq/BAMs/99-final/200075-PL01-PL02.consensus.mapped.annot.bam
200282-01	/mnt/thanos_lv/pipelines/DLBCL_Montreal/PlasmaTwistCAPPSeq/BAMs/99-final/200282-01.consensus.mapped.annot.bam
200282-01-NextSeq	/mnt/thanos_lv/pipelines/DLBCL_Montreal/PlasmaTwistCAPPSeq/BAMs/99-final/200282-01-NextSeq.consensus.mapped.annot.bam
200286-02	/mnt/thanos_lv/pipelines/DLBCL_Montreal/PlasmaTwistCAPPSeq/BAMs/99-final/200286-02.consensus.mapped.annot.bam
200470-01	/mnt/thanos_lv/pipelines/DLBCL_Montreal/PlasmaTwistCAPPSeq/BAMs/99-final/200470-01.consensus.mapped.annot.bam
200502-02	/mnt/thanos_lv/pipelines/DLBCL_Montreal/PlasmaTwistCAPPSeq/BAMs/99-final/200502-02.consensus.mapped.annot.bam
200517-PL02	/mnt/thanos_lv/pipelines/DLBCL_Montreal/PlasmaTwistCAPPSeq/BAMs/99-final/200517-PL02.consensus.mapped.annot.bam
200545-01	/mnt/thanos_lv/pipelines/DLBCL_Montreal/PlasmaTwistCAPPSeq/BAMs/99-final/200545-01.consensus.mapped.annot.bam
200572-01	/mnt/thanos_lv/pipelines/DLBCL_Montreal/PlasmaTwistCAPPSeq/BAMs/99-final/200572-01.consensus.mapped.annot.bam
200582-01	/mnt/thanos_lv/pipelines/DLBCL_Montreal/PlasmaTwistCAPPSeq/BAMs/99-final/200582-01.consensus.mapped.annot.bam
200791-01	/mnt/thanos_lv/pipelines/DLBCL_Montreal/PlasmaTwistCAPPSeq/BAMs/99-final/200791-01.consensus.mapped.annot.bam
200824-01	/mnt/thanos_lv/pipelines/DLBCL_Montreal/PlasmaTwistCAPPSeq/BAMs/99-final/200824-01.consensus.mapped.annot.bam
200824-01-NextSeq	/mnt/thanos_lv/pipelines/DLBCL_Montreal/PlasmaTwistCAPPSeq/BAMs/99-final/200824-01-NextSeq.consensus.mapped.annot.bam
201038-01	/mnt/thanos_lv/pipelines/DLBCL_Montreal/PlasmaTwistCAPPSeq/BAMs/99-final/201038-01.consensus.mapped.annot.bam
201055-01	/mnt/thanos_lv/pipelines/DLBCL_Montreal/PlasmaTwistCAPPSeq/BAMs/99-final/201055-01.consensus.mapped.annot.bam
201093-02	/mnt/thanos_lv/pipelines/DLBCL_Montreal/PlasmaTwistCAPPSeq/BAMs/99-final/201093-02.consensus.mapped.annot.bam
201137-01	/mnt/thanos_lv/pipelines/DLBCL_Montreal/PlasmaTwistCAPPSeq/BAMs/99-final/201137-01.consensus.mapped.annot.bam
201230-01	/mnt/thanos_lv/pipelines/DLBCL_Montreal/PlasmaTwistCAPPSeq/BAMs/99-final/201230-01.consensus.mapped.annot.bam
201258-01	/mnt/thanos_lv/pipelines/DLBCL_Montreal/PlasmaTwistCAPPSeq/BAMs/99-final/201258-01.consensus.mapped.annot.bam
201325-01	/mnt/thanos_lv/pipelines/DLBCL_Montreal/PlasmaTwistCAPPSeq/BAMs/99-final/201325-01.consensus.mapped.annot.bam
201331-01	/mnt/thanos_lv/pipelines/DLBCL_Montreal/PlasmaTwistCAPPSeq/BAMs/99-final/201331-01.consensus.mapped.annot.bam
201331-01-NextSeq	/mnt/thanos_lv/pipelines/DLBCL_Montreal/PlasmaTwistCAPPSeq/BAMs/99-final/201331-01-NextSeq.consensus.mapped.annot.bam
201472-01	/mnt/thanos_lv/pipelines/DLBCL_Montreal/PlasmaTwistCAPPSeq/BAMs/99-final/201472-01.consensus.mapped.annot.bam
201475-01	/mnt/thanos_lv/pipelines/DLBCL_Montreal/PlasmaTwistCAPPSeq/BAMs/99-final/201475-01.consensus.mapped.annot.bam
201476-01	/mnt/thanos_lv/pipelines/DLBCL_Montreal/PlasmaTwistCAPPSeq/BAMs/99-final/201476-01.consensus.mapped.annot.bam
201530-PL01	/mnt/thanos_lv/pipelines/DLBCL_Montreal/PlasmaTwistCAPPSeq/BAMs/99-final/201530-PL01.consensus.mapped.annot.bam
201566-01	/mnt/thanos_lv/pipelines/DLBCL_Montreal/PlasmaTwistCAPPSeq/BAMs/99-final/201566-01.consensus.mapped.annot.bam
201606-01	/mnt/thanos_lv/pipelines/DLBCL_Montreal/PlasmaTwistCAPPSeq/BAMs/99-final/201606-01.consensus.mapped.annot.bam
201613-01	/mnt/thanos_lv/pipelines/DLBCL_Montreal/PlasmaTwistCAPPSeq/BAMs/99-final/201613-01.consensus.mapped.annot.bam
201613-01-NextSeq	/mnt/thanos_lv/pipelines/DLBCL_Montreal/PlasmaTwistCAPPSeq/BAMs/99-final/201613-01-NextSeq.consensus.mapped.annot.bam
201617-01	/mnt/thanos_lv/pipelines/DLBCL_Montreal/PlasmaTwistCAPPSeq/BAMs/99-final/201617-01.consensus.mapped.annot.bam
210009-01	/mnt/thanos_lv/pipelines/DLBCL_Montreal/PlasmaTwistCAPPSeq/BAMs/99-final/210009-01.consensus.mapped.annot.bam
210014-01	/mnt/thanos_lv/pipelines/DLBCL_Montreal/PlasmaTwistCAPPSeq/BAMs/99-final/210014-01.consensus.mapped.annot.bam
210099-01	/mnt/thanos_lv/pipelines/DLBCL_Montreal/PlasmaTwistCAPPSeq/BAMs/99-final/210099-01.consensus.mapped.annot.bam
210100-01	/mnt/thanos_lv/pipelines/DLBCL_Montreal/PlasmaTwistCAPPSeq/BAMs/99-final/210100-01.consensus.mapped.annot.bam
210100-01-NextSeq	/mnt/thanos_lv/pipelines/DLBCL_Montreal/PlasmaTwistCAPPSeq/BAMs/99-final/210100-01-NextSeq.consensus.mapped.annot.bam
210118-01	/mnt/thanos_lv/pipelines/DLBCL_Montreal/PlasmaTwistCAPPSeq/BAMs/99-final/210118-01.consensus.mapped.annot.bam
210121-01	/mnt/thanos_lv/pipelines/DLBCL_Montreal/PlasmaTwistCAPPSeq/BAMs/99-final/210121-01.consensus.mapped.annot.bam
210190-01	/mnt/thanos_lv/pipelines/DLBCL_Montreal/PlasmaTwistCAPPSeq/BAMs/99-final/210190-01.consensus.mapped.annot.bam
210201-01	/mnt/thanos_lv/pipelines/DLBCL_Montreal/PlasmaTwistCAPPSeq/BAMs/99-final/210201-01.consensus.mapped.annot.bam
210211-01	/mnt/thanos_lv/pipelines/DLBCL_Montreal/PlasmaTwistCAPPSeq/BAMs/99-final/210211-01.consensus.mapped.annot.bam
210259-02	/mnt/thanos_lv/pipelines/DLBCL_Montreal/PlasmaTwistCAPPSeq/BAMs/99-final/210259-02.consensus.mapped.annot.bam
210259-02-NextSeq	/mnt/thanos_lv/pipelines/DLBCL_Montreal/PlasmaTwistCAPPSeq/BAMs/99-final/210259-02-NextSeq.consensus.mapped.annot.bam
210296-02	/mnt/thanos_lv/pipelines/DLBCL_Montreal/PlasmaTwistCAPPSeq/BAMs/99-final/210296-02.consensus.mapped.annot.bam
210306-01	/mnt/thanos_lv/pipelines/DLBCL_Montreal/PlasmaTwistCAPPSeq/BAMs/99-final/210306-01.consensus.mapped.annot.bam
210351-PL02	/mnt/thanos_lv/pipelines/DLBCL_Montreal/PlasmaTwistCAPPSeq/BAMs/99-final/210351-PL02.consensus.mapped.annot.bam
210362-01	/mnt/thanos_lv/pipelines/DLBCL_Montreal/PlasmaTwistCAPPSeq/BAMs/99-final/210362-01.consensus.mapped.annot.bam
210422-01	/mnt/thanos_lv/pipelines/DLBCL_Montreal/PlasmaTwistCAPPSeq/BAMs/99-final/210422-01.consensus.mapped.annot.bam
210620-PL02	/mnt/thanos_lv/pipelines/DLBCL_Montreal/PlasmaTwistCAPPSeq/BAMs/99-final/210620-PL02.consensus.mapped.annot.bam
210634-PL02	/mnt/thanos_lv/pipelines/DLBCL_Montreal/PlasmaTwistCAPPSeq/BAMs/99-final/210634-PL02.consensus.mapped.annot.bam
210675-02	/mnt/thanos_lv/pipelines/DLBCL_Montreal/PlasmaTwistCAPPSeq/BAMs/99-final/210675-02.consensus.mapped.annot.bam
210692-PL01	/mnt/thanos_lv/pipelines/DLBCL_Montreal/PlasmaTwistCAPPSeq/BAMs/99-final/210692-PL01.consensus.mapped.annot.bam
210758-01	/mnt/thanos_lv/pipelines/DLBCL_Montreal/PlasmaTwistCAPPSeq/BAMs/99-final/210758-01.consensus.mapped.annot.bam
210768-01	/mnt/thanos_lv/pipelines/DLBCL_Montreal/PlasmaTwistCAPPSeq/BAMs/99-final/210768-01.consensus.mapped.annot.bam
210819-02	/mnt/thanos_lv/pipelines/DLBCL_Montreal/PlasmaTwistCAPPSeq/BAMs/99-final/210819-02.consensus.mapped.annot.bam
210935-02	/mnt/thanos_lv/pipelines/DLBCL_Montreal/PlasmaTwistCAPPSeq/BAMs/99-final/210935-02.consensus.mapped.annot.bam
210942-02	/mnt/thanos_lv/pipelines/DLBCL_Montreal/PlasmaTwistCAPPSeq/BAMs/99-final/210942-02.consensus.mapped.annot.bam
210952-01	/mnt/thanos_lv/pipelines/DLBCL_Montreal/PlasmaTwistCAPPSeq/BAMs/99-final/210952-01.consensus.mapped.annot.bam
210994-02	/mnt/thanos_lv/pipelines/DLBCL_Montreal/PlasmaTwistCAPPSeq/BAMs/99-final/210994-02.consensus.mapped.annot.bam
211182-01	/mnt/thanos_lv/pipelines/DLBCL_Montreal/PlasmaTwistCAPPSeq/BAMs/99-final/211182-01.consensus.mapped.annot.bam
211210-02	/mnt/thanos_lv/pipelines/DLBCL_Montreal/PlasmaTwistCAPPSeq/BAMs/99-final/211210-02.consensus.mapped.annot.bam
211295-02	/mnt/thanos_lv/pipelines/DLBCL_Montreal/PlasmaTwistCAPPSeq/BAMs/99-final/211295-02.consensus.mapped.annot.bam
211295-02-NextSeq	/mnt/thanos_lv/pipelines/DLBCL_Montreal/PlasmaTwistCAPPSeq/BAMs/99-final/211295-02-NextSeq.consensus.mapped.annot.bam
211354-01	/mnt/thanos_lv/pipelines/DLBCL_Montreal/PlasmaTwistCAPPSeq/BAMs/99-final/211354-01.consensus.mapped.annot.bam
211354-01-NextSeq	/mnt/thanos_lv/pipelines/DLBCL_Montreal/PlasmaTwistCAPPSeq/BAMs/99-final/211354-01-NextSeq.consensus.mapped.annot.bam
211377-02	/mnt/thanos_lv/pipelines/DLBCL_Montreal/PlasmaTwistCAPPSeq/BAMs/99-final/211377-02.consensus.mapped.annot.bam
211497-02	/mnt/thanos_lv/pipelines/DLBCL_Montreal/PlasmaTwistCAPPSeq/BAMs/99-final/211497-02.consensus.mapped.annot.bam
211514-01	/mnt/thanos_lv/pipelines/DLBCL_Montreal/PlasmaTwistCAPPSeq/BAMs/99-final/211514-01.consensus.mapped.annot.bam
211532-01	/mnt/thanos_lv/pipelines/DLBCL_Montreal/PlasmaTwistCAPPSeq/BAMs/99-final/211532-01.consensus.mapped.annot.bam
211571-01	/mnt/thanos_lv/pipelines/DLBCL_Montreal/PlasmaTwistCAPPSeq/BAMs/99-final/211571-01.consensus.mapped.annot.bam
211594-01	/mnt/thanos_lv/pipelines/DLBCL_Montreal/PlasmaTwistCAPPSeq/BAMs/99-final/211594-01.consensus.mapped.annot.bam
211594-02	/mnt/thanos_lv/pipelines/DLBCL_Montreal/PlasmaTwistCAPPSeq/BAMs/99-final/211594-02.consensus.mapped.annot.bam
211628-01	/mnt/thanos_lv/pipelines/DLBCL_Montreal/PlasmaTwistCAPPSeq/BAMs/99-final/211628-01.consensus.mapped.annot.bam
211748-02	/mnt/thanos_lv/pipelines/DLBCL_Montreal/PlasmaTwistCAPPSeq/BAMs/99-final/211748-02.consensus.mapped.annot.bam
211794-02	/mnt/thanos_lv/pipelines/DLBCL_Montreal/PlasmaTwistCAPPSeq/BAMs/99-final/211794-02.consensus.mapped.annot.bam
211843-01	/mnt/thanos_lv/pipelines/DLBCL_Montreal/PlasmaTwistCAPPSeq/BAMs/99-final/211843-01.consensus.mapped.annot.bam
211937-01	/mnt/thanos_lv/pipelines/DLBCL_Montreal/PlasmaTwistCAPPSeq/BAMs/99-final/211937-01.consensus.mapped.annot.bam
211946-01	/mnt/thanos_lv/pipelines/DLBCL_Montreal/PlasmaTwistCAPPSeq/BAMs/99-final/211946-01.consensus.mapped.annot.bam
212030-01	/mnt/thanos_lv/pipelines/DLBCL_Montreal/PlasmaTwistCAPPSeq/BAMs/99-final/212030-01.consensus.mapped.annot.bam
212078-01	/mnt/thanos_lv/pipelines/DLBCL_Montreal/PlasmaTwistCAPPSeq/BAMs/99-final/212078-01.consensus.mapped.annot.bam
212094-02	/mnt/thanos_lv/pipelines/DLBCL_Montreal/PlasmaTwistCAPPSeq/BAMs/99-final/212094-02.consensus.mapped.annot.bam
212163-01	/mnt/thanos_lv/pipelines/DLBCL_Montreal/PlasmaTwistCAPPSeq/BAMs/99-final/212163-01.consensus.mapped.annot.bam
212163-02	/mnt/thanos_lv/pipelines/DLBCL_Montreal/PlasmaTwistCAPPSeq/BAMs/99-final/212163-02.consensus.mapped.annot.bam
212223-02	/mnt/thanos_lv/pipelines/DLBCL_Montreal/PlasmaTwistCAPPSeq/BAMs/99-final/212223-02.consensus.mapped.annot.bam
212267-01	/mnt/thanos_lv/pipelines/DLBCL_Montreal/PlasmaTwistCAPPSeq/BAMs/99-final/212267-01.consensus.mapped.annot.bam
212271-PL01	/mnt/thanos_lv/pipelines/DLBCL_Montreal/PlasmaTwistCAPPSeq/BAMs/99-final/212271-PL01.consensus.mapped.annot.bam
212303-PL01	/mnt/thanos_lv/pipelines/DLBCL_Montreal/PlasmaTwistCAPPSeq/BAMs/99-final/212303-PL01.consensus.mapped.annot.bam
212383-PL01	/mnt/thanos_lv/pipelines/DLBCL_Montreal/PlasmaTwistCAPPSeq/BAMs/99-final/212383-PL01.consensus.mapped.annot.bam
212402-01	/mnt/thanos_lv/pipelines/DLBCL_Montreal/PlasmaTwistCAPPSeq/BAMs/99-final/212402-01.consensus.mapped.annot.bam
212481-02	/mnt/thanos_lv/pipelines/DLBCL_Montreal/PlasmaTwistCAPPSeq/BAMs/99-final/212481-02.consensus.mapped.annot.bam
220178-PL01	/mnt/thanos_lv/pipelines/DLBCL_Montreal/PlasmaTwistCAPPSeq/BAMs/99-final/220178-PL01.consensus.mapped.annot.bam
220183-PL01	/mnt/thanos_lv/pipelines/DLBCL_Montreal/PlasmaTwistCAPPSeq/BAMs/99-final/220183-PL01.consensus.mapped.annot.bam
220196-PL01	/mnt/thanos_lv/pipelines/DLBCL_Montreal/PlasmaTwistCAPPSeq/BAMs/99-final/220196-PL01.consensus.mapped.annot.bam
220208-PL01	/mnt/thanos_lv/pipelines/DLBCL_Montreal/PlasmaTwistCAPPSeq/BAMs/99-final/220208-PL01.consensus.mapped.annot.bam
A6	/mnt/thanos_lv/pipelines/DLBCL_Montreal/PlasmaTwistCAPPSeq/BAMs/99-final/A6.consensus.mapped.annot.bam
B6	/mnt/thanos_lv/pipelines/DLBCL_Montreal/PlasmaTwistCAPPSeq/BAMs/99-final/B6.consensus.mapped.annot.bam
C6	/mnt/thanos_lv/pipelines/DLBCL_Montreal/PlasmaTwistCAPPSeq/BAMs/99-final/C6.consensus.mapped.annot.bam
D6	/mnt/thanos_lv/pipelines/DLBCL_Montreal/PlasmaTwistCAPPSeq/BAMs/99-final/D6.consensus.mapped.annot.bam
